title,link,date
,,
Dealing With Imposter Syndrome,/blog/dealing-with-coding-bootcamp-imposter-syndrome,2020-10-22 17:49:30 UTC
,,
Alumni Spotlight: Genna Mergola,/blog/alumni-spotlight-genna-mergola,2020-10-14 21:37:44 UTC
,,
Four Software Engineering Portfolio Protips,/blog/four-portfolio-software-engineering-protips,2020-09-24 20:44:08 UTC
,,
How To Get Into A Top Coding Bootcamp,/blog/how-to-get-into-top-coding-bootcamp-rithm-school,2020-09-22 19:11:15 UTC
,,
Taking Breaks: Why Being Busy Doesn't Equal Productivity ,/blog/taking-breaks-for-productivity,2020-08-19 21:24:36 UTC
,,
Student Interview: R16 On Remote Company Projects,/blog/student-interview-r16-on-remote-company-projects,2020-08-11 23:36:00 UTC
,,
5 Topics To Master Before Learning React Hooks ,/blog/five-topics-to-master-before-learning-react-hooks,2020-07-28 16:42:26 UTC
,,
What You Can Learn From Learning A New Language,/blog/what-you-can-learn-from-learning-a-new-language,2020-07-21 23:30:32 UTC
,,
Software Engineering Careers Post Covid-19,/blog/software-engineering-coronavirus-job-market,2020-07-08 22:58:21 UTC
,,
What Coding Language You Should Learn To Get Hired In 2020,/blog/what-coding-language-you-should-learn-to-get-hired-in-2020,2020-07-02 01:56:44 UTC
,,
Alumni Spotlight: George Gruner,/blog/alumni-spotlight-george-gruner,2020-06-24 22:29:08 UTC
,,
A Tech Worker Reading List for 2020,/blog/tech-worker-reading-list-for-2020,2020-06-08 19:07:59 UTC
,,
JavaScript in 2020,/blog/javascript-in-2020,2020-05-27 21:40:51 UTC
,,
Rithm's Alumni Mentor Program,/blog/bootcamp-alumni-mentorship-program,2020-05-12 22:36:35 UTC
,,
Rithm School Remote Updates - Scholarships & Smaller Class Sizes,/blog/remote-2020-updates-scholarships,2020-05-06 18:03:43 UTC
,,
Student Interview: R14 On Remote Company Projects,/blog/student-interview-remote-company-projects,2020-04-29 18:33:49 UTC
,,
7 Easy Ways To Focus On The Job Search Process,/blog/focus-job-process-during-covid-19,2020-04-21 20:34:41 UTC
,,
SanFranciscoBootcamps.com - Campus Review – Rithm School San Francisco,/blog/san-francisco-coding-bootcamps-review,2020-04-08 21:17:19 UTC
,,
Rithm School Remote Learning FAQs,/blog/remote-learning-faq,2020-04-01 00:00:00 UTC
,,
Looking Back On Our First Women In Tech Event Series ,/blog/looking-back-women-in-tech,2020-03-31 17:01:40 UTC
